{
  "resourceType" : "Bundle",
  "id" : "8247d1b9-f996-4af1-b125-1208fe64549d",
  "meta" : {
    "lastUpdated" : "2025-05-20T19:13:32.272+05:45"
  },
  "type" : "collection",
  "entry" : [{
    "fullUrl" : "http://hl7.org/fhir/uv/shorthand/ValueSet/PositionRatingVS",
    "resource" : {
      "resourceType" : "ValueSet",
      "text" : {
        "status" : "generated",
        "div" : "<div xmlns=\"http://www.w3.org/1999/xhtml\"><p class=\"res-header-id\"><b>ValueSet </b></p><p style=\"border: black 1px dotted; background-color: #EEEEEE; padding: 8px; margin-bottom: 8px\">Expansion from tx.fhir.org based on SNOMED CT International edition 01-Feb 2025</p><p>This value set contains 2 concepts</p><table class=\"codes\"><tr><td style=\"white-space:nowrap\"><b>Code</b></td><td><b>System</b></td><td><b>Display (en-US)</b></td></tr><tr><td style=\"white-space:nowrap\"><a name=\"x-http://snomed.info/sct-373067005\"> </a>\u00a0\u00a0<a href=\"http://snomed.info/id/373067005\">373067005</a></td><td>http://snomed.info/sct</td><td>No (qualifier value)</td></tr><tr><td style=\"white-space:nowrap\"><a name=\"x-http://snomed.info/sct-373068000\"> </a>\u00a0\u00a0<a href=\"http://snomed.info/id/373068000\">373068000</a></td><td>http://snomed.info/sct</td><td>Undetermined (qualifier value)</td></tr></table></div>"
      },
      "url" : "http://hl7.org/fhir/uv/shorthand/ValueSet/PositionRatingVS",
      "version" : "3.0.0",
      "name" : "PositionRatingVS",
      "status" : "draft",
      "date" : "2025-05-20T19:13:00+05:45",
      "jurisdiction" : [{
        "coding" : [{
          "system" : "http://unstats.un.org/unsd/methods/m49/m49.htm",
          "code" : "001",
          "display" : "World"
        }]
      }],
      "expansion" : {
        "identifier" : "urn:uuid:7ac28d5a-a8b4-4bb6-b697-1497e4571f13",
        "timestamp" : "2025-05-20T19:14:48+05:45",
        "total" : 2,
        "offset" : 0,
        "parameter" : [{
          "name" : "displayLanguage",
          "valueCode" : "en-US"
        },
        {
          "name" : "count",
          "valueInteger" : 1000
        },
        {
          "name" : "offset",
          "valueInteger" : 0
        },
        {
          "name" : "excludeNested",
          "valueBoolean" : false
        },
        {
          "name" : "used-valueset",
          "valueUri" : "null"
        },
        {
          "name" : "used-codesystem",
          "valueUri" : "http://snomed.info/sct|http://snomed.info/sct/900000000000207008/version/20250201"
        },
        {
          "name" : "version",
          "valueUri" : "http://snomed.info/sct|http://snomed.info/sct/900000000000207008/version/20250201"
        }],
        "contains" : [{
          "system" : "http://snomed.info/sct",
          "code" : "373067005",
          "display" : "No (qualifier value)"
        },
        {
          "system" : "http://snomed.info/sct",
          "code" : "373068000",
          "display" : "Undetermined (qualifier value)"
        }]
      }
    }
  }]
}