{
  "resourceType" : "MedicationStatement",
  "id" : "VitaminKMedicationStatement",
  "meta" : {
    "profile" : ["http://hl7.org/fhir/uv/shorthand/StructureDefinition/vitamin-k-medication-statement-profile"]
  },
  "text" : {
    "status" : "generated",
    "div" : "<div xmlns=\"http://www.w3.org/1999/xhtml\"><p class=\"res-header-id\"><b>Generated Narrative: MedicationStatement VitaminKMedicationStatement</b></p><a name=\"VitaminKMedicationStatement\"> </a><a name=\"hcVitaminKMedicationStatement\"> </a><a name=\"VitaminKMedicationStatement-en-US\"> </a><div style=\"display: inline-block; background-color: #d9e0e7; padding: 6px; margin: 4px; border: 1px solid #8da1b4; border-radius: 5px; line-height: 60%\"><p style=\"margin-bottom: 0px\"/><p style=\"margin-bottom: 0px\">Profile: <a href=\"StructureDefinition-vitamin-k-medication-statement-profile.html\">Vitamin K Medication Statement Profile</a></p></div><p><b>status</b>: Completed</p><p><b>medication</b>: <span title=\"Codes:{http://www.nlm.nih.gov/research/umls/rxnorm 1091292}\">Vitamin K</span></p><p><b>subject</b>: <a href=\"Patient/123\">Patient/123</a></p></div>"
  },
  "status" : "completed",
  "medicationCodeableConcept" : {
    "coding" : [{
      "system" : "http://www.nlm.nih.gov/research/umls/rxnorm",
      "code" : "1091292",
      "display" : "Vitamin K"
    }]
  },
  "subject" : {
    "reference" : "Patient/123"
  }
}