{
  "resourceType" : "Observation",
  "id" : "InfantReflexTest",
  "meta" : {
    "profile" : ["http://hl7.org/fhir/uv/shorthand/StructureDefinition/infant-test"]
  },
  "text" : {
    "status" : "generated",
    "div" : "<div xmlns=\"http://www.w3.org/1999/xhtml\"><p class=\"res-header-id\"><b>Generated Narrative: Observation InfantReflexTest</b></p><a name=\"InfantReflexTest\"> </a><a name=\"hcInfantReflexTest\"> </a><a name=\"InfantReflexTest-en-US\"> </a><div style=\"display: inline-block; background-color: #d9e0e7; padding: 6px; margin: 4px; border: 1px solid #8da1b4; border-radius: 5px; line-height: 60%\"><p style=\"margin-bottom: 0px\"/><p style=\"margin-bottom: 0px\">Profile: <a href=\"StructureDefinition-infant-test.html\">Infant Test Observations</a></p></div><p><b>status</b>: Final</p><p><b>code</b>: <span title=\"Codes:{http://loinc.org 8358-4}\">Infant reflex assessment</span></p><p><b>value</b>: <span title=\"Codes:{http://example.org/fhir/infant-tests present}\">Present</span></p></div>"
  },
  "status" : "final",
  "code" : {
    "coding" : [{
      "system" : "http://loinc.org",
      "code" : "8358-4",
      "display" : "Infant reflex assessment"
    }]
  },
  "valueCodeableConcept" : {
    "coding" : [{
      "system" : "http://example.org/fhir/infant-tests",
      "code" : "present",
      "display" : "Present"
    }]
  }
}