<?xml version="1.0" encoding="UTF-8"?>

<Observation xmlns="http://hl7.org/fhir">
  <id value="FeverObservation"/>
  <meta>
    <profile value="http://hl7.org/fhir/uv/shorthand/StructureDefinition/fever-observation-profile"/>
  </meta>
  <text>
    <status value="generated"/><div xmlns="http://www.w3.org/1999/xhtml"><p class="res-header-id"><b>Generated Narrative: Observation FeverObservation</b></p><a name="FeverObservation"> </a><a name="hcFeverObservation"> </a><a name="FeverObservation-en-US"> </a><div style="display: inline-block; background-color: #d9e0e7; padding: 6px; margin: 4px; border: 1px solid #8da1b4; border-radius: 5px; line-height: 60%"><p style="margin-bottom: 0px"/><p style="margin-bottom: 0px">Profile: <a href="StructureDefinition-fever-observation-profile.html">Fever Observation Profile</a></p></div><p><b>status</b>: Final</p><p><b>code</b>: <span title="Codes:{http://loinc.org 8310-5}">Body temperature</span></p><p><b>subject</b>: <a href="Patient/123">Patient/123</a></p><p><b>value</b>: true</p></div>
  </text>
  <status value="final"/>
  <code>
    <coding>
      <system value="http://loinc.org"/>
      <code value="8310-5"/>
      <display value="Body temperature"/>
    </coding>
  </code>
  <subject>
    <reference value="Patient/123"/>
  </subject>
  <valueBoolean value="true"/>
</Observation>