<?xml version="1.0" encoding="UTF-8"?>

<Procedure xmlns="http://hl7.org/fhir">
  <id value="OtherTreatmentProcedure"/>
  <meta>
    <profile value="http://hl7.org/fhir/uv/shorthand/StructureDefinition/other-treatment-procedure-profile"/>
  </meta>
  <text>
    <status value="generated"/><div xmlns="http://www.w3.org/1999/xhtml"><p class="res-header-id"><b>Generated Narrative: Procedure OtherTreatmentProcedure</b></p><a name="OtherTreatmentProcedure"> </a><a name="hcOtherTreatmentProcedure"> </a><a name="OtherTreatmentProcedure-en-US"> </a><div style="display: inline-block; background-color: #d9e0e7; padding: 6px; margin: 4px; border: 1px solid #8da1b4; border-radius: 5px; line-height: 60%"><p style="margin-bottom: 0px"/><p style="margin-bottom: 0px">Profile: <a href="StructureDefinition-other-treatment-procedure-profile.html">Other Treatment or Medication Procedure Profile</a></p></div><p><b>status</b>: Completed</p><p><b>subject</b>: <a href="Patient/123">Patient/123</a></p><p><b>note</b>: Additional pain management provided</p></div>
  </text>
  <status value="completed"/>
  <subject>
    <reference value="Patient/123"/>
  </subject>
  <note>
    <text value="Additional pain management provided"/>
  </note>
</Procedure>