{
  "resourceType" : "ServiceRequest",
  "id" : "ReferralRequestExample",
  "meta" : {
    "profile" : ["http://hl7.org/fhir/uv/shorthand/StructureDefinition/referral-servicerequest-profile"]
  },
  "text" : {
    "status" : "generated",
    "div" : "<div xmlns=\"http://www.w3.org/1999/xhtml\"><p class=\"res-header-id\"><b>Generated Narrative: ServiceRequest ReferralRequestExample</b></p><a name=\"ReferralRequestExample\"> </a><a name=\"hcReferralRequestExample\"> </a><a name=\"ReferralRequestExample-en-US\"> </a><div style=\"display: inline-block; background-color: #d9e0e7; padding: 6px; margin: 4px; border: 1px solid #8da1b4; border-radius: 5px; line-height: 60%\"><p style=\"margin-bottom: 0px\"/><p style=\"margin-bottom: 0px\">Profile: <a href=\"StructureDefinition-referral-servicerequest-profile.html\">Referral ServiceRequest Profile</a></p></div><p><b>status</b>: Active</p><p><b>intent</b>: Order</p><p><b>code</b>: <span title=\"Codes:{http://snomed.info/sct 3457005}\">Referral to specialist</span></p><p><b>subject</b>: <a href=\"Patient/123\">Patient/123</a></p></div>"
  },
  "status" : "active",
  "intent" : "order",
  "code" : {
    "coding" : [{
      "system" : "http://snomed.info/sct",
      "code" : "3457005",
      "display" : "Referral to specialist"
    }]
  },
  "subject" : {
    "reference" : "Patient/123"
  }
}