{
  "package": "hl7.fhir.uv.shorthand",
  "version": "3.0.0",
  "fhirVersion": "4.0.1",
  "jurisdiction": "001",
  "extensions": [],
  "profiles": {
    "Observation": [
      {
        "url": "http://hl7.org/fhir/uv/shorthand/StructureDefinition/severe-jaundice",
        "title": "SevereJaundiceObservation"
      }
    ],
    "Procedure": [
      {
        "url": "http://hl7.org/fhir/uv/shorthand/StructureDefinition/other-treatment-procedure-profile",
        "title": "Other Treatment or Medication Procedure Profile"
      }
    ],
    "ServiceRequest": [
      {
        "url": "http://hl7.org/fhir/uv/shorthand/StructureDefinition/referral-servicerequest-profile",
        "title": "Referral ServiceRequest Profile"
      }
    ],
    "MedicationStatement": [
      {
        "url": "http://hl7.org/fhir/uv/shorthand/StructureDefinition/vitamin-k-medication-statement-profile",
        "title": "Vitamin K Medication Statement Profile"
      }
    ]
  },
  "usage": {
    "http://hl7.org/fhir/StructureDefinition/elementdefinition-bestpractice": [
      "StructureDefinition.snapshot.element.constraint"
    ],
    "http://hl7.org/fhir/StructureDefinition/elementdefinition-bestpractice-explanation": [
      "StructureDefinition.snapshot.element.constraint"
    ],
    "http://hl7.org/fhir/StructureDefinition/elementdefinition-bindingName": [
      "StructureDefinition.snapshot.element.binding"
    ],
    "http://hl7.org/fhir/StructureDefinition/elementdefinition-maxValueSet": [
      "StructureDefinition.snapshot.element.binding"
    ],
    "http://hl7.org/fhir/StructureDefinition/elementdefinition-translatable": [
      "StructureDefinition.snapshot.element"
    ],
    "http://hl7.org/fhir/StructureDefinition/structuredefinition-display-hint": [
      "StructureDefinition.snapshot.element"
    ],
    "http://hl7.org/fhir/StructureDefinition/structuredefinition-fhir-type": [
      "StructureDefinition.snapshot.element.type"
    ],
    "http://hl7.org/fhir/StructureDefinition/structuredefinition-wg": [
      "ImplementationGuide",
      "StructureDefinition",
      "ValueSet"
    ],
    "http://hl7.org/fhir/tools/StructureDefinition/ig-internal-dependency": [
      "ImplementationGuide.definition"
    ],
    "http://hl7.org/fhir/tools/StructureDefinition/ig-page-name": [
      "ImplementationGuide.definition.page",
      "ImplementationGuide.definition.page.page"
    ],
    "http://hl7.org/fhir/tools/StructureDefinition/ig-parameter": [
      "ImplementationGuide.definition"
    ],
    "http://hl7.org/fhir/tools/StructureDefinition/implementationguide-dependency-comment": [
      "ImplementationGuide.dependsOn"
    ],
    "http://hl7.org/fhir/tools/StructureDefinition/resource-information": [
      "ImplementationGuide.definition.resource"
    ],
    "http://hl7.org/fhir/tools/StructureDefinition/snapshot-base-version": [
      "StructureDefinition.snapshot"
    ]
  }
}