<?xml version="1.0" encoding="UTF-8"?>

<ValueSet xmlns="http://hl7.org/fhir">
  <id value="PositionRatingVS"/>
  <text>
    <status value="generated"/><div xmlns="http://www.w3.org/1999/xhtml"><p class="res-header-id"><b>Generated Narrative: ValueSet PositionRatingVS</b></p><a name="PositionRatingVS"> </a><a name="hcPositionRatingVS"> </a><a name="PositionRatingVS-en-US"> </a><ul><li>Include these codes as defined in <a href="http://www.snomed.org/"><code>http://snomed.info/sct</code></a><table class="none"><tr><td style="white-space:nowrap"><b>Code</b></td><td><b>Display</b></td></tr><tr><td><a href="http://snomed.info/id/373067005">373067005</a></td><td>Good</td></tr><tr><td><a href="http://snomed.info/id/373068000">373068000</a></td><td>Not good</td></tr></table></li></ul></div>
  </text>
  <extension url="http://hl7.org/fhir/StructureDefinition/structuredefinition-wg">
    <valueCode value="fhir"/>
  </extension>
  <url value="http://hl7.org/fhir/uv/shorthand/ValueSet/PositionRatingVS"/>
  <version value="3.0.0"/>
  <name value="PositionRatingVS"/>
  <status value="draft"/>
  <date value="2025-05-20T19:13:00+05:45"/>
  <publisher value="HL7 International / FHIR Infrastructure"/>
  <contact>
    <telecom>
      <system value="url"/>
      <value value="http://www.hl7.org/Special/committees/fiwg"/>
    </telecom>
  </contact>
  <jurisdiction>
    <coding>
      <system value="http://unstats.un.org/unsd/methods/m49/m49.htm"/>
      <code value="001"/>
      <display value="World"/>
    </coding>
  </jurisdiction>
  <compose>
    <include>
      <system value="http://snomed.info/sct"/>
      <concept>
        <code value="373067005"/>
        <display value="Good"/>
      </concept>
      <concept>
        <code value="373068000"/>
        <display value="Not good"/>
      </concept>
    </include>
  </compose>
</ValueSet>