{
  "codeSystems" : [
    {
      "url" : "http://hl7.org/fhir/ValueSet/body-site",
      "version" : "4.0.1",
      "status" : "draft",
      "name" : "SNOMEDCTBodyStructures",
      "title" : "SNOMED CT Body Structures",
      "description" : "This value set includes all codes from [SNOMED CT](http://snomed.info/sct) where concept is-a 442083009 (Anatomical or acquired body site (body structure)).",
      "systems" : ["http://snomed.info/sct"],
      "oids" : ["2.16.840.1.113883.4.642.3.141"],
      "sources" : ["2.16.840.1.113883.4.642.3.141"],
      "uses" : {
      },
      "StructureDefinition-cyanosis-observation-profile.html" : "Cyanosis Observation Profile",
      "StructureDefinition-infant-umbilical-cord-observation.html" : "Infant Umbilical Cord Condition",
      "StructureDefinition-severe-jaundice.html" : "SevereJaundiceObservation",
      "StructureDefinition-chills-observation-profile.html" : "Chills (Cold Extremities) Observation Profile",
      "StructureDefinition-chest-indrawing.html" : "SevereChestIndrawingObservation",
      "StructureDefinition-infant-breathing-rate.html" : "Infant Breathing Rate",
      "StructureDefinition-referral-servicerequest-profile.html" : "Referral ServiceRequest Profile",
      "StructureDefinition-breastfeeding-position.html" : "BreastfeedingPositionObservation",
      "StructureDefinition-fever-observation-profile.html" : "Fever Observation Profile",
      "StructureDefinition-breastfeeding-problem.html" : "BreastfeedingProblemObservation",
      "StructureDefinition-eye-discharge-observation-profile.html" : "Eye Discharge Observation Profile",
      "StructureDefinition-exclusive-breastfeeding.html" : "Exclusive Breastfeeding Observation",
      "StructureDefinition-infant-test.html" : "Infant Test Observations",
      "StructureDefinition-other-treatment-procedure-profile.html" : "Other Treatment or Medication Procedure Profile",
      "StructureDefinition-early-jaundice.html" : "JaundiceWithin24HoursObservation"
    },
    {
      "url" : "http://hl7.org/fhir/ValueSet/condition-code",
      "version" : "4.0.1",
      "status" : "draft",
      "name" : "Condition/Problem/DiagnosisCodes",
      "title" : "Condition/Problem/Diagnosis Codes",
      "description" : "Example value set for Condition/Problem/Diagnosis codes.",
      "systems" : ["http://snomed.info/sct"],
      "oids" : ["2.16.840.1.113883.4.642.3.161"],
      "sources" : ["2.16.840.1.113883.4.642.3.161"],
      "uses" : {
      },
      "StructureDefinition-vitamin-k-medication-statement-profile.html" : "Vitamin K Medication Statement Profile",
      "StructureDefinition-other-treatment-procedure-profile.html" : "Other Treatment or Medication Procedure Profile"
    },
    {
      "url" : "http://hl7.org/fhir/ValueSet/data-absent-reason",
      "version" : "4.0.1",
      "status" : "active",
      "name" : "DataAbsentReason",
      "title" : "DataAbsentReason",
      "description" : "Used to specify why the normally expected content of the data element is missing.",
      "systems" : ["http://terminology.hl7.org/CodeSystem/data-absent-reason"],
      "oids" : ["2.16.840.1.113883.4.642.3.5"],
      "sources" : ["2.16.840.1.113883.4.642.3.5"],
      "uses" : {
      },
      "StructureDefinition-cyanosis-observation-profile.html" : "Cyanosis Observation Profile",
      "StructureDefinition-infant-umbilical-cord-observation.html" : "Infant Umbilical Cord Condition",
      "StructureDefinition-severe-jaundice.html" : "SevereJaundiceObservation",
      "StructureDefinition-chills-observation-profile.html" : "Chills (Cold Extremities) Observation Profile",
      "StructureDefinition-chest-indrawing.html" : "SevereChestIndrawingObservation",
      "StructureDefinition-infant-breathing-rate.html" : "Infant Breathing Rate",
      "StructureDefinition-breastfeeding-position.html" : "BreastfeedingPositionObservation",
      "StructureDefinition-fever-observation-profile.html" : "Fever Observation Profile",
      "StructureDefinition-breastfeeding-problem.html" : "BreastfeedingProblemObservation",
      "StructureDefinition-eye-discharge-observation-profile.html" : "Eye Discharge Observation Profile",
      "StructureDefinition-exclusive-breastfeeding.html" : "Exclusive Breastfeeding Observation",
      "StructureDefinition-infant-test.html" : "Infant Test Observations",
      "StructureDefinition-early-jaundice.html" : "JaundiceWithin24HoursObservation"
    },
    {
      "url" : "http://hl7.org/fhir/ValueSet/device-action",
      "version" : "4.0.1",
      "status" : "draft",
      "name" : "ProcedureDeviceActionCodes",
      "title" : "Procedure Device Action Codes",
      "description" : "Example codes indicating the change that happened to the device during the procedure.  Note that these are in no way complete and might not even be appropriate for some uses.",
      "systems" : ["http://snomed.info/sct"],
      "oids" : ["2.16.840.1.113883.4.642.3.425"],
      "sources" : ["2.16.840.1.113883.4.642.3.425"],
      "uses" : {
      },
      "StructureDefinition-other-treatment-procedure-profile.html" : "Other Treatment or Medication Procedure Profile"
    },
    {
      "url" : "http://hl7.org/fhir/ValueSet/device-kind",
      "version" : "4.0.1",
      "status" : "draft",
      "name" : "FHIRDeviceTypes",
      "title" : "FHIR Device Types",
      "description" : "Codes used to identify medical devices. Includes concepts from SNOMED CT (http://www.snomed.org/) where concept is-a 49062001 (Device)  and is provided as a suggestive example.",
      "systems" : ["http://snomed.info/sct"],
      "oids" : ["2.16.840.1.113883.4.642.3.208"],
      "sources" : ["2.16.840.1.113883.4.642.3.208"],
      "uses" : {
      },
      "StructureDefinition-other-treatment-procedure-profile.html" : "Other Treatment or Medication Procedure Profile"
    },
    {
      "url" : "http://hl7.org/fhir/ValueSet/event-status",
      "version" : "4.0.1",
      "status" : "draft",
      "name" : "EventStatus",
      "title" : "EventStatus",
      "description" : "Codes identifying the lifecycle stage of an event.",
      "systems" : ["http://hl7.org/fhir/event-status"],
      "oids" : ["2.16.840.1.113883.4.642.3.109"],
      "sources" : ["2.16.840.1.113883.4.642.3.109"],
      "uses" : {
      },
      "StructureDefinition-other-treatment-procedure-profile.html" : "Other Treatment or Medication Procedure Profile"
    },
    {
      "url" : "http://hl7.org/fhir/ValueSet/languages",
      "version" : "4.0.1",
      "status" : "draft",
      "name" : "CommonLanguages",
      "title" : "Common Languages",
      "description" : "This value set includes common codes from BCP-47 (http://tools.ietf.org/html/bcp47)",
      "systems" : ["urn:ietf:bcp:47"],
      "oids" : ["2.16.840.1.113883.4.642.3.20"],
      "sources" : ["2.16.840.1.113883.4.642.3.20"],
      "uses" : {
      },
      "StructureDefinition-cyanosis-observation-profile.html" : "Cyanosis Observation Profile",
      "StructureDefinition-vitamin-k-medication-statement-profile.html" : "Vitamin K Medication Statement Profile",
      "StructureDefinition-infant-umbilical-cord-observation.html" : "Infant Umbilical Cord Condition",
      "StructureDefinition-severe-jaundice.html" : "SevereJaundiceObservation",
      "StructureDefinition-chills-observation-profile.html" : "Chills (Cold Extremities) Observation Profile",
      "StructureDefinition-chest-indrawing.html" : "SevereChestIndrawingObservation",
      "StructureDefinition-infant-breathing-rate.html" : "Infant Breathing Rate",
      "StructureDefinition-referral-servicerequest-profile.html" : "Referral ServiceRequest Profile",
      "StructureDefinition-breastfeeding-position.html" : "BreastfeedingPositionObservation",
      "StructureDefinition-fever-observation-profile.html" : "Fever Observation Profile",
      "StructureDefinition-breastfeeding-problem.html" : "BreastfeedingProblemObservation",
      "StructureDefinition-eye-discharge-observation-profile.html" : "Eye Discharge Observation Profile",
      "StructureDefinition-exclusive-breastfeeding.html" : "Exclusive Breastfeeding Observation",
      "StructureDefinition-infant-test.html" : "Infant Test Observations",
      "StructureDefinition-other-treatment-procedure-profile.html" : "Other Treatment or Medication Procedure Profile",
      "StructureDefinition-early-jaundice.html" : "JaundiceWithin24HoursObservation"
    },
    {
      "url" : "http://hl7.org/fhir/ValueSet/medication-as-needed-reason",
      "version" : "4.0.1",
      "status" : "draft",
      "name" : "SNOMEDCTMedicationAsNeededReasonCodes",
      "title" : "SNOMED CT Medication As Needed Reason Codes",
      "description" : "This value set includes all clinical findings from SNOMED CT - provided as an exemplar value set.",
      "systems" : ["http://snomed.info/sct"],
      "oids" : ["2.16.840.1.113883.4.642.3.96"],
      "sources" : ["2.16.840.1.113883.4.642.3.96"],
      "uses" : {
      },
      "StructureDefinition-referral-servicerequest-profile.html" : "Referral ServiceRequest Profile"
    },
    {
      "url" : "http://hl7.org/fhir/ValueSet/medication-codes",
      "version" : "4.0.1",
      "status" : "draft",
      "name" : "SNOMEDCTMedicationCodes",
      "title" : "SNOMED CT Medication Codes",
      "description" : "This value set includes all drug or medicament substance codes and all pharmaceutical/biologic products from SNOMED CT - provided as an exemplar value set.",
      "systems" : ["http://snomed.info/sct"],
      "oids" : ["2.16.840.1.113883.4.642.3.375"],
      "sources" : ["2.16.840.1.113883.4.642.3.375"],
      "uses" : {
      },
      "StructureDefinition-vitamin-k-medication-statement-profile.html" : "Vitamin K Medication Statement Profile"
    },
    {
      "url" : "http://hl7.org/fhir/ValueSet/medication-statement-category",
      "version" : "4.0.1",
      "status" : "draft",
      "name" : "Medication usage category codes",
      "title" : "Medication usage category codes",
      "description" : "Medication Status Codes",
      "systems" : [
        "http://terminology.hl7.org/CodeSystem/medication-statement-category"
      ],
      "oids" : ["2.16.840.1.113883.4.642.3.370"],
      "sources" : ["2.16.840.1.113883.4.642.3.370"],
      "uses" : {
      },
      "StructureDefinition-vitamin-k-medication-statement-profile.html" : "Vitamin K Medication Statement Profile"
    },
    {
      "url" : "http://hl7.org/fhir/ValueSet/medication-statement-status",
      "version" : "4.0.1",
      "status" : "draft",
      "name" : "Medication Status Codes",
      "title" : "Medication  status  codes",
      "description" : "Medication Status Codes",
      "systems" : ["http://hl7.org/fhir/CodeSystem/medication-statement-status"],
      "oids" : ["2.16.840.1.113883.4.642.3.367"],
      "sources" : ["2.16.840.1.113883.4.642.3.367"],
      "uses" : {
      },
      "StructureDefinition-vitamin-k-medication-statement-profile.html" : "Vitamin K Medication Statement Profile"
    },
    {
      "url" : "http://hl7.org/fhir/ValueSet/observation-category",
      "version" : "4.0.1",
      "status" : "draft",
      "name" : "ObservationCategoryCodes",
      "title" : "Observation Category Codes",
      "description" : "Observation Category codes.",
      "systems" : ["http://terminology.hl7.org/CodeSystem/observation-category"],
      "oids" : ["2.16.840.1.113883.4.642.3.403"],
      "sources" : ["2.16.840.1.113883.4.642.3.403"],
      "uses" : {
      },
      "StructureDefinition-cyanosis-observation-profile.html" : "Cyanosis Observation Profile",
      "StructureDefinition-infant-umbilical-cord-observation.html" : "Infant Umbilical Cord Condition",
      "StructureDefinition-severe-jaundice.html" : "SevereJaundiceObservation",
      "StructureDefinition-chills-observation-profile.html" : "Chills (Cold Extremities) Observation Profile",
      "StructureDefinition-chest-indrawing.html" : "SevereChestIndrawingObservation",
      "StructureDefinition-infant-breathing-rate.html" : "Infant Breathing Rate",
      "StructureDefinition-breastfeeding-position.html" : "BreastfeedingPositionObservation",
      "StructureDefinition-fever-observation-profile.html" : "Fever Observation Profile",
      "StructureDefinition-breastfeeding-problem.html" : "BreastfeedingProblemObservation",
      "StructureDefinition-eye-discharge-observation-profile.html" : "Eye Discharge Observation Profile",
      "StructureDefinition-exclusive-breastfeeding.html" : "Exclusive Breastfeeding Observation",
      "StructureDefinition-infant-test.html" : "Infant Test Observations",
      "StructureDefinition-early-jaundice.html" : "JaundiceWithin24HoursObservation"
    },
    {
      "url" : "http://hl7.org/fhir/ValueSet/observation-codes",
      "version" : "4.0.1",
      "status" : "draft",
      "name" : "LOINCCodes",
      "title" : "LOINC Codes",
      "description" : "This value set includes all LOINC codes",
      "systems" : ["http://loinc.org"],
      "oids" : ["2.16.840.1.113883.4.642.3.396"],
      "sources" : ["2.16.840.1.113883.4.642.3.396"],
      "uses" : {
      },
      "StructureDefinition-cyanosis-observation-profile.html" : "Cyanosis Observation Profile",
      "StructureDefinition-infant-umbilical-cord-observation.html" : "Infant Umbilical Cord Condition",
      "StructureDefinition-severe-jaundice.html" : "SevereJaundiceObservation",
      "StructureDefinition-chills-observation-profile.html" : "Chills (Cold Extremities) Observation Profile",
      "StructureDefinition-chest-indrawing.html" : "SevereChestIndrawingObservation",
      "StructureDefinition-infant-breathing-rate.html" : "Infant Breathing Rate",
      "StructureDefinition-breastfeeding-position.html" : "BreastfeedingPositionObservation",
      "StructureDefinition-fever-observation-profile.html" : "Fever Observation Profile",
      "StructureDefinition-breastfeeding-problem.html" : "BreastfeedingProblemObservation",
      "StructureDefinition-eye-discharge-observation-profile.html" : "Eye Discharge Observation Profile",
      "StructureDefinition-exclusive-breastfeeding.html" : "Exclusive Breastfeeding Observation",
      "StructureDefinition-infant-test.html" : "Infant Test Observations",
      "StructureDefinition-early-jaundice.html" : "JaundiceWithin24HoursObservation"
    },
    {
      "url" : "http://hl7.org/fhir/ValueSet/observation-interpretation",
      "version" : "4.0.1",
      "status" : "active",
      "name" : "ObservationInterpretationCodes",
      "title" : "Observation Interpretation Codes",
      "description" : "A categorical assessment, providing a rough qualitative interpretation of the observation value,    such as “normal”/ “abnormal”,”low” / “high”, “better” / “worse”, “susceptible” / “resistant”, “expected”/ “not expected”.    The value set is intended to be for ANY use where coded representation of an interpretation is needed.   \r\n   \r\n   Notes:\r\n   \r\n   This is being communicated in v2.x in OBX-8 (Observation Interpretation), in v3 in ObservationInterpretation (CWE) in R1 (Representative Realm) and in FHIR in    Observation.interpretation. Historically these values come from the laboratory domain, and these codes are extensively    used. The value set binding is extensible, so codes outside the value set that are needed for interpretation concepts    (i.e. particular meanings) that are not included in the value set can be used, and these new codes may also be added to    the value set and published in a future version.",
      "systems" : [
        "http://terminology.hl7.org/CodeSystem/v3-ObservationInterpretation"
      ],
      "oids" : ["2.16.840.1.113883.4.642.3.399"],
      "sources" : ["2.16.840.1.113883.4.642.3.399"],
      "uses" : {
      },
      "StructureDefinition-cyanosis-observation-profile.html" : "Cyanosis Observation Profile",
      "StructureDefinition-infant-umbilical-cord-observation.html" : "Infant Umbilical Cord Condition",
      "StructureDefinition-severe-jaundice.html" : "SevereJaundiceObservation",
      "StructureDefinition-chills-observation-profile.html" : "Chills (Cold Extremities) Observation Profile",
      "StructureDefinition-chest-indrawing.html" : "SevereChestIndrawingObservation",
      "StructureDefinition-infant-breathing-rate.html" : "Infant Breathing Rate",
      "StructureDefinition-breastfeeding-position.html" : "BreastfeedingPositionObservation",
      "StructureDefinition-fever-observation-profile.html" : "Fever Observation Profile",
      "StructureDefinition-breastfeeding-problem.html" : "BreastfeedingProblemObservation",
      "StructureDefinition-eye-discharge-observation-profile.html" : "Eye Discharge Observation Profile",
      "StructureDefinition-exclusive-breastfeeding.html" : "Exclusive Breastfeeding Observation",
      "StructureDefinition-infant-test.html" : "Infant Test Observations",
      "StructureDefinition-early-jaundice.html" : "JaundiceWithin24HoursObservation"
    },
    {
      "url" : "http://hl7.org/fhir/ValueSet/observation-methods",
      "version" : "4.0.1",
      "status" : "draft",
      "name" : "ObservationMethods",
      "title" : "Observation Methods",
      "description" : "Observation Method codes from [SNOMED CT](http://snomed.info/sct) where concept is-a 272394005 (Technique (qualifier value)) or is-a 129264002 (Action (qualifier value)) or is-a 386053000 (Evaluation procedure(procedure))",
      "systems" : ["http://snomed.info/sct"],
      "oids" : ["2.16.840.1.113883.4.642.3.395"],
      "sources" : ["2.16.840.1.113883.4.642.3.395"],
      "uses" : {
      },
      "StructureDefinition-cyanosis-observation-profile.html" : "Cyanosis Observation Profile",
      "StructureDefinition-infant-umbilical-cord-observation.html" : "Infant Umbilical Cord Condition",
      "StructureDefinition-severe-jaundice.html" : "SevereJaundiceObservation",
      "StructureDefinition-chills-observation-profile.html" : "Chills (Cold Extremities) Observation Profile",
      "StructureDefinition-chest-indrawing.html" : "SevereChestIndrawingObservation",
      "StructureDefinition-infant-breathing-rate.html" : "Infant Breathing Rate",
      "StructureDefinition-breastfeeding-position.html" : "BreastfeedingPositionObservation",
      "StructureDefinition-fever-observation-profile.html" : "Fever Observation Profile",
      "StructureDefinition-breastfeeding-problem.html" : "BreastfeedingProblemObservation",
      "StructureDefinition-eye-discharge-observation-profile.html" : "Eye Discharge Observation Profile",
      "StructureDefinition-exclusive-breastfeeding.html" : "Exclusive Breastfeeding Observation",
      "StructureDefinition-infant-test.html" : "Infant Test Observations",
      "StructureDefinition-early-jaundice.html" : "JaundiceWithin24HoursObservation"
    },
    {
      "url" : "http://hl7.org/fhir/ValueSet/observation-status",
      "version" : "4.0.1",
      "status" : "active",
      "name" : "ObservationStatus",
      "title" : "ObservationStatus",
      "description" : "Codes providing the status of an observation.",
      "systems" : ["http://hl7.org/fhir/observation-status"],
      "oids" : ["2.16.840.1.113883.4.642.3.400"],
      "sources" : ["2.16.840.1.113883.4.642.3.400"],
      "uses" : {
      },
      "StructureDefinition-cyanosis-observation-profile.html" : "Cyanosis Observation Profile",
      "StructureDefinition-infant-umbilical-cord-observation.html" : "Infant Umbilical Cord Condition",
      "StructureDefinition-severe-jaundice.html" : "SevereJaundiceObservation",
      "StructureDefinition-chills-observation-profile.html" : "Chills (Cold Extremities) Observation Profile",
      "StructureDefinition-chest-indrawing.html" : "SevereChestIndrawingObservation",
      "StructureDefinition-infant-breathing-rate.html" : "Infant Breathing Rate",
      "StructureDefinition-breastfeeding-position.html" : "BreastfeedingPositionObservation",
      "StructureDefinition-fever-observation-profile.html" : "Fever Observation Profile",
      "StructureDefinition-breastfeeding-problem.html" : "BreastfeedingProblemObservation",
      "StructureDefinition-eye-discharge-observation-profile.html" : "Eye Discharge Observation Profile",
      "StructureDefinition-exclusive-breastfeeding.html" : "Exclusive Breastfeeding Observation",
      "StructureDefinition-infant-test.html" : "Infant Test Observations",
      "StructureDefinition-early-jaundice.html" : "JaundiceWithin24HoursObservation"
    },
    {
      "url" : "http://hl7.org/fhir/ValueSet/participant-role",
      "version" : "4.0.1",
      "status" : "draft",
      "name" : "ParticipantRoles",
      "title" : "Participant Roles",
      "description" : "Roles of participants that may be included in a care team.  Defined as: Is a Person, Healthcare professional (occupation) or Healthcare related organization (qualifier value).",
      "systems" : ["http://snomed.info/sct"],
      "oids" : ["2.16.840.1.113883.4.642.3.152"],
      "sources" : ["2.16.840.1.113883.4.642.3.152"],
      "uses" : {
      },
      "StructureDefinition-referral-servicerequest-profile.html" : "Referral ServiceRequest Profile"
    },
    {
      "url" : "http://hl7.org/fhir/ValueSet/performer-role",
      "version" : "4.0.1",
      "status" : "draft",
      "name" : "ProcedurePerformerRoleCodes",
      "title" : "Procedure Performer Role Codes",
      "description" : "This example value set defines the set of codes that can be used to indicate a role of a procedure performer.",
      "systems" : ["http://snomed.info/sct"],
      "oids" : ["2.16.840.1.113883.4.642.3.433"],
      "sources" : ["2.16.840.1.113883.4.642.3.433"],
      "uses" : {
      },
      "StructureDefinition-other-treatment-procedure-profile.html" : "Other Treatment or Medication Procedure Profile"
    },
    {
      "url" : "http://hl7.org/fhir/ValueSet/procedure-category",
      "version" : "4.0.1",
      "status" : "draft",
      "name" : "ProcedureCategoryCodes(SNOMEDCT)",
      "title" : "Procedure Category Codes (SNOMED CT)",
      "description" : "Procedure Category code: A selection of relevant SNOMED CT codes.",
      "systems" : ["http://snomed.info/sct"],
      "oids" : ["2.16.840.1.113883.4.642.3.430"],
      "sources" : ["2.16.840.1.113883.4.642.3.430"],
      "uses" : {
      },
      "StructureDefinition-other-treatment-procedure-profile.html" : "Other Treatment or Medication Procedure Profile"
    },
    {
      "url" : "http://hl7.org/fhir/ValueSet/procedure-code",
      "version" : "4.0.1",
      "status" : "draft",
      "name" : "ProcedureCodes(SNOMEDCT)",
      "title" : "Procedure Codes (SNOMED CT)",
      "description" : "Procedure Code: All SNOMED CT procedure codes.",
      "systems" : ["http://snomed.info/sct"],
      "oids" : ["2.16.840.1.113883.4.642.3.427"],
      "sources" : ["2.16.840.1.113883.4.642.3.427"],
      "uses" : {
      },
      "StructureDefinition-other-treatment-procedure-profile.html" : "Other Treatment or Medication Procedure Profile"
    },
    {
      "url" : "http://hl7.org/fhir/ValueSet/procedure-followup",
      "version" : "4.0.1",
      "status" : "draft",
      "name" : "ProcedureFollowUpCodes(SNOMEDCT)",
      "title" : "Procedure Follow up Codes (SNOMED CT)",
      "description" : "Procedure follow up codes: A selection of SNOMED CT codes relevant to procedure follow up.",
      "systems" : ["http://snomed.info/sct"],
      "oids" : ["2.16.840.1.113883.4.642.3.429"],
      "sources" : ["2.16.840.1.113883.4.642.3.429"],
      "uses" : {
      },
      "StructureDefinition-other-treatment-procedure-profile.html" : "Other Treatment or Medication Procedure Profile"
    },
    {
      "url" : "http://hl7.org/fhir/ValueSet/procedure-not-performed-reason",
      "version" : "4.0.1",
      "status" : "active",
      "name" : "ProcedureNotPerformedReason(SNOMED-CT)",
      "title" : "Procedure Not Performed Reason (SNOMED-CT)",
      "description" : "Situation codes describing the reason that a procedure, which might otherwise be expected, was not performed, or a procedure that was started and was not completed. Consists of SNOMED CT codes, children of procedure contraindicated (183932001), procedure discontinued (416406003), procedure not done (416237000), procedure not indicated (428119001), procedure not offered (416064006), procedure not wanted (416432009), procedure refused (183944003), and procedure stopped (394908001).",
      "systems" : ["http://snomed.info/sct"],
      "oids" : ["2.16.840.1.113883.4.642.3.431"],
      "sources" : ["2.16.840.1.113883.4.642.3.431"],
      "uses" : {
      },
      "StructureDefinition-other-treatment-procedure-profile.html" : "Other Treatment or Medication Procedure Profile"
    },
    {
      "url" : "http://hl7.org/fhir/ValueSet/procedure-outcome",
      "version" : "4.0.1",
      "status" : "draft",
      "name" : "ProcedureOutcomeCodes(SNOMEDCT)",
      "title" : "Procedure Outcome Codes (SNOMED CT)",
      "description" : "Procedure Outcome code: A selection of relevant SNOMED CT codes.",
      "systems" : ["http://snomed.info/sct"],
      "oids" : ["2.16.840.1.113883.4.642.3.428"],
      "sources" : ["2.16.840.1.113883.4.642.3.428"],
      "uses" : {
      },
      "StructureDefinition-other-treatment-procedure-profile.html" : "Other Treatment or Medication Procedure Profile"
    },
    {
      "url" : "http://hl7.org/fhir/ValueSet/procedure-reason",
      "version" : "4.0.1",
      "status" : "draft",
      "name" : "ProcedureReasonCodes",
      "title" : "Procedure Reason Codes",
      "description" : "This example value set defines the set of codes that can be used to indicate a reason for a procedure.",
      "systems" : ["http://snomed.info/sct"],
      "oids" : ["2.16.840.1.113883.4.642.3.432"],
      "sources" : ["2.16.840.1.113883.4.642.3.432"],
      "uses" : {
      },
      "StructureDefinition-referral-servicerequest-profile.html" : "Referral ServiceRequest Profile",
      "StructureDefinition-other-treatment-procedure-profile.html" : "Other Treatment or Medication Procedure Profile"
    },
    {
      "url" : "http://hl7.org/fhir/ValueSet/reason-medication-status-codes",
      "version" : "4.0.1",
      "status" : "draft",
      "name" : "SNOMEDCTDrugTherapyStatusCodes",
      "title" : "SNOMED CT Drug Therapy Status codes ",
      "description" : "This value set includes some taken and not taken reason codes from SNOMED CT - provided as an exemplar",
      "systems" : ["http://snomed.info/sct"],
      "oids" : ["2.16.840.1.113883.4.642.3.369"],
      "sources" : ["2.16.840.1.113883.4.642.3.369"],
      "uses" : {
      },
      "StructureDefinition-vitamin-k-medication-statement-profile.html" : "Vitamin K Medication Statement Profile"
    },
    {
      "url" : "http://hl7.org/fhir/ValueSet/referencerange-appliesto",
      "version" : "4.0.1",
      "status" : "draft",
      "name" : "ObservationReferenceRangeAppliesToCodes",
      "title" : "Observation Reference Range Applies To Codes",
      "description" : "This value set defines a set of codes that can be used to indicate the particular target population the reference range applies to.",
      "systems" : [
        "http://terminology.hl7.org/CodeSystem/v3-Race",
        "http://snomed.info/sct"
      ],
      "oids" : ["2.16.840.1.113883.4.642.3.407"],
      "sources" : ["2.16.840.1.113883.4.642.3.407"],
      "uses" : {
      },
      "StructureDefinition-cyanosis-observation-profile.html" : "Cyanosis Observation Profile",
      "StructureDefinition-infant-umbilical-cord-observation.html" : "Infant Umbilical Cord Condition",
      "StructureDefinition-severe-jaundice.html" : "SevereJaundiceObservation",
      "StructureDefinition-chills-observation-profile.html" : "Chills (Cold Extremities) Observation Profile",
      "StructureDefinition-chest-indrawing.html" : "SevereChestIndrawingObservation",
      "StructureDefinition-infant-breathing-rate.html" : "Infant Breathing Rate",
      "StructureDefinition-breastfeeding-position.html" : "BreastfeedingPositionObservation",
      "StructureDefinition-fever-observation-profile.html" : "Fever Observation Profile",
      "StructureDefinition-breastfeeding-problem.html" : "BreastfeedingProblemObservation",
      "StructureDefinition-eye-discharge-observation-profile.html" : "Eye Discharge Observation Profile",
      "StructureDefinition-exclusive-breastfeeding.html" : "Exclusive Breastfeeding Observation",
      "StructureDefinition-infant-test.html" : "Infant Test Observations",
      "StructureDefinition-early-jaundice.html" : "JaundiceWithin24HoursObservation"
    },
    {
      "url" : "http://hl7.org/fhir/ValueSet/referencerange-meaning",
      "version" : "4.0.1",
      "status" : "draft",
      "name" : "ObservationReferenceRangeMeaningCodes",
      "title" : "Observation Reference Range Meaning Codes",
      "description" : "This value set defines a set of codes that can be used to indicate the meaning/use of a reference range for a particular target population.",
      "systems" : [
        "http://terminology.hl7.org/CodeSystem/referencerange-meaning"
      ],
      "oids" : ["2.16.840.1.113883.4.642.3.397"],
      "sources" : ["2.16.840.1.113883.4.642.3.397"],
      "uses" : {
      },
      "StructureDefinition-cyanosis-observation-profile.html" : "Cyanosis Observation Profile",
      "StructureDefinition-infant-umbilical-cord-observation.html" : "Infant Umbilical Cord Condition",
      "StructureDefinition-severe-jaundice.html" : "SevereJaundiceObservation",
      "StructureDefinition-chills-observation-profile.html" : "Chills (Cold Extremities) Observation Profile",
      "StructureDefinition-chest-indrawing.html" : "SevereChestIndrawingObservation",
      "StructureDefinition-infant-breathing-rate.html" : "Infant Breathing Rate",
      "StructureDefinition-breastfeeding-position.html" : "BreastfeedingPositionObservation",
      "StructureDefinition-fever-observation-profile.html" : "Fever Observation Profile",
      "StructureDefinition-breastfeeding-problem.html" : "BreastfeedingProblemObservation",
      "StructureDefinition-eye-discharge-observation-profile.html" : "Eye Discharge Observation Profile",
      "StructureDefinition-exclusive-breastfeeding.html" : "Exclusive Breastfeeding Observation",
      "StructureDefinition-infant-test.html" : "Infant Test Observations",
      "StructureDefinition-early-jaundice.html" : "JaundiceWithin24HoursObservation"
    },
    {
      "url" : "http://hl7.org/fhir/ValueSet/request-intent",
      "version" : "4.0.1",
      "status" : "draft",
      "name" : "RequestIntent",
      "title" : "RequestIntent",
      "description" : "Codes indicating the degree of authority/intentionality associated with a request.",
      "systems" : ["http://hl7.org/fhir/request-intent"],
      "oids" : ["2.16.840.1.113883.4.642.3.113"],
      "sources" : ["2.16.840.1.113883.4.642.3.113"],
      "uses" : {
      },
      "StructureDefinition-referral-servicerequest-profile.html" : "Referral ServiceRequest Profile"
    },
    {
      "url" : "http://hl7.org/fhir/ValueSet/request-priority",
      "version" : "4.0.1",
      "status" : "draft",
      "name" : "RequestPriority",
      "title" : "Request priority",
      "description" : "The clinical priority of a diagnostic order.",
      "systems" : ["http://hl7.org/fhir/request-priority"],
      "oids" : ["2.16.840.1.113883.4.642.3.115"],
      "sources" : ["2.16.840.1.113883.4.642.3.115"],
      "uses" : {
      },
      "StructureDefinition-referral-servicerequest-profile.html" : "Referral ServiceRequest Profile"
    },
    {
      "url" : "http://hl7.org/fhir/ValueSet/request-status",
      "version" : "4.0.1",
      "status" : "draft",
      "name" : "RequestStatus",
      "title" : "RequestStatus",
      "description" : "Codes identifying the lifecycle stage of a request.",
      "systems" : ["http://hl7.org/fhir/request-status"],
      "oids" : ["2.16.840.1.113883.4.642.3.111"],
      "sources" : ["2.16.840.1.113883.4.642.3.111"],
      "uses" : {
      },
      "StructureDefinition-referral-servicerequest-profile.html" : "Referral ServiceRequest Profile"
    },
    {
      "url" : "http://hl7.org/fhir/ValueSet/servicerequest-category",
      "version" : "4.0.1",
      "status" : "draft",
      "name" : "ServiceRequestCategoryCodes",
      "title" : "Service Request Category Codes",
      "description" : "An example value set of SNOMED CT concepts that can classify a requested service",
      "systems" : ["http://snomed.info/sct"],
      "oids" : ["2.16.840.1.113883.4.642.3.434"],
      "sources" : ["2.16.840.1.113883.4.642.3.434"],
      "uses" : {
      },
      "StructureDefinition-referral-servicerequest-profile.html" : "Referral ServiceRequest Profile"
    },
    {
      "url" : "http://hl7.org/fhir/ValueSet/servicerequest-orderdetail",
      "version" : "4.0.1",
      "status" : "draft",
      "name" : "ServiceRequestOrderDetailsCodes",
      "title" : "Service Request Order Details Codes",
      "description" : "An example value set of Codified order entry details concepts.  These concepts only make sense in the context of what is being ordered.  This example is for a patient ventilation order",
      "systems" : ["http://snomed.info/sct"],
      "oids" : ["2.16.840.1.113883.4.642.3.435"],
      "sources" : ["2.16.840.1.113883.4.642.3.435"],
      "uses" : {
      },
      "StructureDefinition-referral-servicerequest-profile.html" : "Referral ServiceRequest Profile"
    },
    {
      "url" : "http://hl7.org/fhir/uv/shorthand/ValueSet/PositionRatingVS",
      "version" : "3.0.0",
      "status" : "draft",
      "name" : "PositionRatingVS",
      "title" : null,
      "description" : null,
      "systems" : ["http://snomed.info/sct"],
      "uses" : {
      },
      "StructureDefinition-breastfeeding-position.html" : "BreastfeedingPositionObservation"
    },
    {
      "url" : "http://terminology.hl7.org/ValueSet/v3-ServiceDeliveryLocationRoleType",
      "version" : "3.0.0",
      "status" : "active",
      "name" : "ServiceDeliveryLocationRoleType",
      "title" : "ServiceDeliveryLocationRoleType",
      "description" : "A role of a place that further classifies the setting (e.g., accident site, road side, work site, community location) in which services are delivered.",
      "systems" : ["http://terminology.hl7.org/CodeSystem/v3-RoleCode"],
      "oids" : ["2.16.840.1.113883.1.11.17660"],
      "sources" : ["2.16.840.1.113883.1.11.17660"],
      "uses" : {
      },
      "StructureDefinition-referral-servicerequest-profile.html" : "Referral ServiceRequest Profile"
    }
  ]
}
