{"resourceType":"ValueSet","id":"PositionRatingVS","text":{"status":"generated","div":"<div xmlns=\"http://www.w3.org/1999/xhtml\"><p class=\"res-header-id\"><b>Generated Narrative: ValueSet PositionRatingVS</b></p><a name=\"PositionRatingVS\"> </a><a name=\"hcPositionRatingVS\"> </a><a name=\"PositionRatingVS-en-US\"> </a><ul><li>Include these codes as defined in <a href=\"http://www.snomed.org/\"><code>http://snomed.info/sct</code></a><table class=\"none\"><tr><td style=\"white-space:nowrap\"><b>Code</b></td><td><b>Display</b></td></tr><tr><td><a href=\"http://snomed.info/id/373067005\">373067005</a></td><td>Good</td></tr><tr><td><a href=\"http://snomed.info/id/373068000\">373068000</a></td><td>Not good</td></tr></table></li></ul></div>"},"extension":[{"url":"http://hl7.org/fhir/StructureDefinition/structuredefinition-wg","valueCode":"fhir"}],"url":"http://hl7.org/fhir/uv/shorthand/ValueSet/PositionRatingVS","version":"3.0.0","name":"PositionRatingVS","status":"draft","date":"2025-05-20T19:13:00+05:45","publisher":"HL7 International / FHIR Infrastructure","contact":[{"telecom":[{"system":"url","value":"http://www.hl7.org/Special/committees/fiwg"}]}],"jurisdiction":[{"coding":[{"system":"http://unstats.un.org/unsd/methods/m49/m49.htm","code":"001","display":"World"}]}],"compose":{"include":[{"system":"http://snomed.info/sct","concept":[{"code":"373067005","display":"Good"},{"code":"373068000","display":"Not good"}]}]}}