{
  "resourceType" : "Observation",
  "id" : "ChillsObservation",
  "meta" : {
    "profile" : ["http://hl7.org/fhir/uv/shorthand/StructureDefinition/chills-observation-profile"]
  },
  "text" : {
    "status" : "generated",
    "div" : "<div xmlns=\"http://www.w3.org/1999/xhtml\"><p class=\"res-header-id\"><b>Generated Narrative: Observation ChillsObservation</b></p><a name=\"ChillsObservation\"> </a><a name=\"hcChillsObservation\"> </a><a name=\"ChillsObservation-en-US\"> </a><div style=\"display: inline-block; background-color: #d9e0e7; padding: 6px; margin: 4px; border: 1px solid #8da1b4; border-radius: 5px; line-height: 60%\"><p style=\"margin-bottom: 0px\"/><p style=\"margin-bottom: 0px\">Profile: <a href=\"StructureDefinition-chills-observation-profile.html\">Chills (Cold Extremities) Observation Profile</a></p></div><p><b>status</b>: Final</p><p><b>code</b>: <span title=\"Codes:{http://snomed.info/sct 386661006}\">Cold extremities</span></p><p><b>subject</b>: <a href=\"Patient/123\">Patient/123</a></p><p><b>value</b>: true</p></div>"
  },
  "status" : "final",
  "code" : {
    "coding" : [{
      "system" : "http://snomed.info/sct",
      "code" : "386661006",
      "display" : "Cold extremities"
    }]
  },
  "subject" : {
    "reference" : "Patient/123"
  },
  "valueBoolean" : true
}